{
  "beam": {
    "L": 1.0,
    "E": 210000000000.0,
    "I": 8.33e-06,
    "q": 10000.0
  },
  "forward": {
    "w_max_exact_mm": 0.7145715429028754,
    "w_max_pinn_mm": 0.7144335540942848,
    "w_max_error_pct": 0.01931070582941133,
    "w_mean_rel_error_pct": 0.006989065150264651
  },
  "inverse": {
    "E_true_GPa": 210.0,
    "E_found_GPa": 209.87510784,
    "E_error_pct": 0.059472457142857135,
    "E_init_GPa": 50.0
  }
}